fid;TIPO;ID_DATO;FECHA;NOMBRE;POINT_X;POINT_Y;MUNICIPIO;ELEV_TERR;DEUT_2H;OXIG_18;Month;CooX;CooY;Lon;Lat;PROF_MAX;P/GW;O18;2H
1;Humedal;8191;12/11/2010;Humedal Jaboque;993822;1012841;BOGOTµ D.C.;2542.87476;-96.5;-13.67;12;596133.7136;520924.5336;-74.1331928;4.712320593;0.1;0.423849;-5.794019222;-32.93241119
2;Pozo;7250;1/01/2001;;993310;1016350;COTA;2568;-68.08;-12.49;1;595617.2049;524431.845;-74.13781041;4.74405235;526;0.497129;-6.209139347;-37.86997986
3;Pozo;7253;1/01/2001;;996735;1010576;BOGOTµ D.C.;2550.549776;-54.54;-11.55;1;599048.8773;518664.019;-74.10693586;4.691839616;120;0.518611;-5.98996067;-37.21989441
4;Aljibe;8176;11/16/2010;SERVICENTRO EL RADAR - ENGATIVA- (SALITRE);993495;1012037;BOGOTµ D.C.;2546.15618;-74.9;-10.76;11;595807.87;520120.3325;-74.13613958;4.705049715;5;0.533499;-5.740453243;-32.92092133
5;Pozo;6676;1/01/1998;Poco 2;974850;1017420;MADRID;2573;-75.1;-10.94;1;577161.5321;525476.9118;-74.30420824;4.753693782;140;0.542463;-5.934548855;-39.49258041
6;Pozo;8102;10/31/2017;;975010;1017290;MADRID;2571;-75.1;-10.94;10;577321.6519;525347.1687;-74.30276564;4.752518665;140;0.542463;-5.934548855;-39.49258041
7;Pozo;6830;1/01/1999;;974850;1017420;MADRID;2573;-76.3;-10.9;1;577161.5321;525476.9118;-74.30420824;4.753693782;140;0.544454;-5.934548855;-39.49258041
8;Humedal;8189;12/11/2010;Humedal Conejera;996776;1018267;BOGOTµ D.C.;2543.941502;-80.9;-11.5;12;599079.6642;526352.9235;-74.10656922;4.761389937;0.1;0.551744;-6.345050335;-38.56540298
9;Pozo;6682;1/01/1998;Ramo 1;981405;1013040;MOSQUERA;2563;-74.1;-10.62;1;583720.2088;521107.0502;-74.24511261;4.714102183;500;0.56467;-5.996795177;-34.85771179
10;Pozo;8092;10/31/2017;;981405;1013635;MOSQUERA;2566;-74.1;-10.62;10;583719.4212;521701.8608;-74.2451139;4.719482793;500;0.565809;-6.00889492;-34.85771179
11;Pozo;7236;1/01/2001;;979426;1015408;MADRID;2571;-74.16;-11.29;1;581738.7043;523471.6665;-74.26295581;4.735511549;;0.571939;-6.457191467;-39.75224304
12;Pozo;8165;11/08/2010;FINCA LA JUNCA - ENGATIVA- (SALITRE);991891;1013258;BOGOTµ D.C.;2541.664923;-69;-9.86;11;594202.7208;521338.8583;-74.15059809;4.716089942;80;0.582196;-5.740453243;-32.92092133
13;Pozo;8184;11/18/2010;HB ESTRUCTURAS METALICAS - FONTIBON- (FUCHA);990319;1011098;BOGOTµ D.C.;2546.385173;-71.9;-10.16;11;592634.0355;519177.4168;-74.16476482;4.696555269;457;0.590236;-5.996795177;-34.85771179
14;Pozo;6834;1/01/1999;;991670;1017840;COTA;2571;-75.1;-10.94;1;593975.6947;525919.2259;-74.15259454;4.757525066;116;0.590237;-6.457191467;-39.75224304
15;Pozo;7251;1/01/2001;;983480;1012100;MOSQUERA;2566;-75.35;-11.91;1;585795.7959;520170.0895;-74.22640798;4.705605974;581;0.590582;-7.033834457;-48.51347351
16;Aljibe;8162;11/08/2010;Sapito pito - SUBA- (SALITRE);999088;1015197;BOGOTµ D.C.;2557.57335;-69.1;-9.94;11;601395.1149;523286.8529;-74.0857284;4.733628268;40;0.597037;-5.934548855;-39.49258041
17;Pozo;8179;11/17/2010;AV CIUDAD DE CALI-LAVADERO BETO - ENGATIVA- ();997618;1010433;BOGOTµ D.C.;2551.666017;-68.1;-10;11;599931.8197;518522.2214;-74.09897721;4.690546745;100;0.598996;-5.98996067;-37.21989441
18;Pozo;8133;10/28/2010;PROTELA S.A - FONTIBON- (FUCHA);995203;1009149;BOGOTµ D.C.;2547.642403;-68.5;-10.06;10;597519.1849;517235.4063;-74.12074322;4.678934414;532;0.599782;-6.033810616;-37.645504
19;Pozo;6677;1/01/1998;Santa Helena;978985;1017330;MADRID;2573.497939;-73.6;-10.75;1;581295.2884;525392.4567;-74.26693557;4.752891164;464.501;0.600669;-6.457191467;-39.75224304
20;Pozo;8123;10/31/2017;;978985;1017330;MADRID;2573.497939;-73.6;-10.75;10;581295.2884;525392.4567;-74.26693557;4.752891164;464.501;0.600669;-6.457191467;-39.75224304
21;Pozo;7239;1/01/2001;;994111;1005719;BOGOTµ D.C.;2547.166635;-73.94;-11.77;1;596431.9849;513804.9541;-74.13058307;4.647915936;450;0.601832;-7.083558559;-46.35876846
22;Pozo;6680;1/01/1998;Madrid 6;979421;1015401;MADRID;2571;-72.6;-10.72;1;581733.7152;523464.6621;-74.26300086;4.735448236;475;0.60235;-6.457191467;-39.75224304
23;Pozo;8124;10/31/2017;;979430;1015435;MADRID;2569;-72.6;-10.72;10;581742.6671;523498.663;-74.26291982;4.73575572;466;0.60235;-6.457191467;-39.75224304
24;Pozo;8185;11/19/2010;AUTO CENTRO SANTANA - USAQUEN- (SALITRE);1004669;1010089;BOGOTµ D.C.;2566.375558;-66.9;-9.92;11;606981.3799;518187.5924;-74.03542577;4.687434986;30;0.603827;-5.98996067;-37.21989441
25;Humedal;8190;12/11/2010;Humedal Cordoba;1000935;1011728;BOGOTµ D.C.;2545.09844;-108;-14.93;12;603246.2069;519821.2395;-74.06908049;4.70225782;0.1;0.610276;-9.111418724;-62.26124573
26;Pozo;7240;1/01/2001;;991190;1010320;BOGOTµ D.C.;2546.259527;-43.13;-10.95;1;593505.8034;518400.7932;-74.15691352;4.689520693;115;0.612836;-6.710551262;-44.50134659
27;Pozo;8181;11/18/2010;MOBIL SUBA INVERSIONES VIACAR - SUBA- (SALITRE);999221;1015585;BOGOTµ D.C.;2561.715254;-67.7;-9.66;11;601527.5629;523674.9235;-74.08452962;4.737136995;44.8;0.614343;-5.934548855;-39.49258041
28;Pozo;6690;1/01/1998;Canta Claro;987495;1011210;MOSQUERA;2566;-78.7;-10.91;1;589810.7333;519285.6609;-74.19021826;4.697564444;554;0.615083;-6.710551262;-44.50134659
29;Pozo;8093;10/31/2017;;987495;1011210;MOSQUERA;2566;-76.7;-10.91;10;589810.7333;519285.6609;-74.19021826;4.697564444;554;0.615083;-6.710551262;-44.50134659
30;Pozo;8145;11/04/2010;SOCIEDAD PROMA LTDA - SUBA- (SALITRE);999379;1014458;BOGOTµ D.C.;2633.126961;-69.6;-9.86;11;601687.0164;522548.4411;-74.08310537;4.726945461;200;0.619538;-6.108648777;-41.35246658
31;Pozo;8140;11/03/2010;INDEGA PANAMCO PLANTA NORTE - FONTIBON- (FUCHA);994412;1009171;BOGOTµ D.C.;2546.061082;-68.6;-10.1;11;596728.381;517256.3614;-74.12787251;4.679132885;532;0.622668;-6.288951397;-40.25968933
32;Pozo;7243;1/01/2001;;1013480;1020460;LA CALERA;2595;-33.07;-10.82;1;615776.4119;528567.7238;-73.95599509;4.781211221;135;0.623611;-6.747475624;-42.10700226
33;Pozo;6836;1/01/1999;;987495;1011210;MOSQUERA;2566;-72.6;-10.72;1;589810.7333;519285.6609;-74.19021826;4.697564444;554;0.625984;-6.710551262;-44.50134659
34;Pozo;8132;10/28/2010;IMAL - FONTIBON- (FUCHA);991087;1010782;BOGOTµ D.C.;2546.019433;-75;-10.68;10;593402.2254;518862.5219;-74.15784235;4.693698489;483;0.628329;-6.710551262;-44.50134659
35;Pozo;6687;1/01/1998;Siberia 2;991670;1017940;COTA;2574;-72.4;-10.26;1;593975.5612;526019.1967;-74.15259464;4.758429372;118;0.629356;-6.457191467;-39.75224304
36;Pozo;6689;1/01/1998;Flores Punza 3;987430;1017710;FUNZA;2572;-72.7;-10.26;1;589737.1309;525783.6047;-74.19081366;4.756344241;471;0.629356;-6.457191467;-39.75224304
37;Pozo;8070;10/31/2017;;991670;1017940;COTA;2574;-72.4;-10.26;10;593975.5612;526019.1967;-74.15259464;4.758429372;118;0.629356;-6.457191467;-39.75224304
38;Pozo;8091;10/31/2017;;987430;1017710;FUNZA;2572;-72.7;-10.26;10;589737.1309;525783.6047;-74.19081366;4.756344241;471;0.629356;-6.457191467;-39.75224304
39;Pozo;8172;11/16/2010;UNIVERSIDAD SAN BUENAVENTURA - USAQUEN- (TORCA);1005339;1017143;BOGOTµ D.C.;2558.795585;-67.2;-9.92;11;607641.8639;525240.6552;-74.0293826;4.75122446;170;0.631321;-6.262704849;-37.88114548
40;Pozo;6678;1/01/1998;Finca Alasita UanaUhj;981030;1017030;MADRID;2577;-74.3;-10.6;1;583340.03;525095.2799;-74.24850149;4.750183074;424;0.631758;-6.696632385;-42.54536819
41;Pozo;8090;10/31/2017;;981030;1017025;MADRID;2577;-74.3;-10.6;10;583340.0367;525090.2815;-74.24850147;4.750137859;424;0.631758;-6.696632385;-42.54536819
42;Pozo;6835;1/01/1999;;989170;1019540;FUNZA;2578;-74.3;-10.6;1;591474.1604;527615.3804;-74.17513169;4.772895433;121.5;0.636554;-6.747475624;-42.10700226
43;Pozo;8164;11/08/2010;LOS TRES - USAQUEN- (TORCA);1005435;1018617;BOGOTµ D.C.;2561.495726;-67.1;-9.88;11;607735.871;526714.4036;-74.02851632;4.764553879;;0.642212;-6.345050335;-38.56540298
44;Pozo;6700;1/01/1998;Hilacol 1A;994300;1006000;BOGOTµ D.C.;2545.106753;-70.6;-10.08;1;596620.5642;514086.1203;-74.12887988;4.650457172;157;0.645498;-6.506624222;-42.5958252
45;Pozo;8077;10/31/2017;;994300;1006000;BOGOTµ D.C.;2545.106753;-70.6;-10.08;10;596620.5642;514086.1203;-74.12887988;4.650457172;157;0.645498;-6.506624222;-42.5958252
46;Aljibe;8163;11/08/2010;ESCUELA UNION COLOMBIA - USAQUEN- (TORCA);1005511;1018780;BOGOTµ D.C.;2565.758576;-69.5;-9.94;11;607811.6334;526877.4632;-74.02783114;4.76602785;;0.652922;-6.490041733;-40.87647629
47;Rio;8195;12/11/2010;Quebrada Aguas Clalientes;1005376;1020521;BOGOTµ D.C.;2553.792743;-74.4;-10.32;12;607674.3357;528617.8339;-74.02904694;4.781771908;0.1;0.653825;-6.747475624;-42.10700226
48;Pozo;8156;11/05/2010;PARQUE SIMON BOLIVAR - TEUSAQUILLO- (SALITRE);998139;1007224;BOGOTµ D.C.;2549.481208;-66.2;-9.64;11;600456.8867;515314.7928;-74.09428068;4.661527595;216.11;0.656372;-6.327425003;-41.04988098
49;Pozo;6693;1/01/1998;Los Puentes;979793;1009450;MOSQUERA;2588;-78.2;-10.77;1;582113.458;517516.0754;-74.25963378;4.681634014;200;0.658317;-7.090070248;-49.71907806
50;Pozo;6821;1/01/1999;;979793;1009450;MOSQUERA;2588;-78.2;-10.77;1;582113.458;517516.0754;-74.25963378;4.681634014;200;0.658317;-7.090070248;-49.71907806
51;Pozo;8173;11/16/2010;UNICENTRO - USAQUEN- (SALITRE);1004157;1011530;BOGOTµ D.C.;2552.400684;-61.2;-9.1;11;606467.6148;519627.543;-74.04003978;4.700466333;86;0.658988;-5.996795177;-34.85771179
52;Manantial;6750;1/01/1999;;991525;1031520;TENJO;2893.995878;-76.8;-10.995;1;593812.2366;539595.0262;-74.15391538;4.881233787;0.1;0.663106;-7.290855408;-45.74531555
53;Manantial;8047;10/31/2017;;991525;1031520;TENJO;2893.995878;-76.8;-10.995;10;593812.2366;539595.0262;-74.15391538;4.881233787;0.1;0.663106;-7.290855408;-45.74531555
54;Pozo;6701;1/01/1998;Hiiacol 2;995200;1006000;BOGOTµ D.C.;2545.831724;-68.1;-9.8;1;597520.3081;514087.2949;-74.12076852;4.650457717;161;0.663941;-6.506624222;-42.5958252
55;Manantial;6729;1/01/1999;;995500;1045200;SUBACHOQUE;2975;-71.95;-10.56;1;597767.1177;553276.601;-74.11808579;5.004945398;0.1;0.667181;-7.04543066;-44.17179871
56;Manantial;8037;10/31/2017;;995500;1045200;SUBACHOQUE;2975;-71.95;-10.56;10;597767.1177;553276.601;-74.11808579;5.004945398;0.1;0.667181;-7.04543066;-44.17179871
57;Humedal;8192;12/11/2010;Humedal Santa Maria del Lago;998118;1010870;BOGOTµ D.C.;2548.72029;-77.6;-10.04;12;600431.1059;518959.7589;-74.09447074;4.694498698;0.1;0.667482;-6.701524258;-39.25138474
58;Pozo;8146;11/04/2010;LAFAYETTE No 1 - KENNEDY- (FUCHA);993901;1005872;BOGOTµ D.C.;2545.122823;-72.6;-10.57;11;596221.8454;513957.6363;-74.13247582;4.649299384;513;0.670157;-7.083558559;-46.35876846
59;Pozo;6668;1/01/1998;Tulip n;987010;1020270;TENJO;2581;-76.3;-10.9;1;589313.8333;528342.2653;-74.19460345;4.779493812;80;0.673545;-7.341639519;-49.53143311
60;Pozo;8055;10/31/2017;;987010;1020270;TENJO;2581;-76.3;-10.9;10;589313.8333;528342.2653;-74.19460345;4.779493812;80;0.673545;-7.341639519;-49.53143311
61;Pozo;8139;11/03/2010;HIJAS DE SANTA MARIA PROVIDENCIA - USAQUEN- (TORCA);1005754;1016638;BOGOTµ D.C.;2566.807405;-63.8;-9.17;11;608057.4301;524736.3383;-74.02564216;4.746657439;101;0.67576;-6.196715832;-37.50699234
62;Pozo;7237;1/01/2001;;981300;1013550;MOSQUERA;2566;-69.81;-8.82;1;583614.5672;521616.7488;-74.24606012;4.718713905;500;0.681281;-6.00889492;-34.85771179
63;Rio;8198;12/11/2010;QUEBRADA LA VIEJA;1003188;1005993;BOGOTµ D.C.;2658.61425;-77.7;-11.42;12;605506.1341;514090.7222;-74.04877567;4.650395157;0.1;0.681847;-7.786695957;-57.78390884
64;Pozo;8065;10/31/2017;;1002800;1020470;BOGOTµ D.C.;2554.539597;-63.3;-9.55;10;605099.0765;528563.3906;-74.05226784;4.781311961;96;0.683805;-6.530333519;-39.23252487
65;Pozo;6624;1/01/1998;Hacienda La Ramada;1020780;1054660;NEMOCàN;2593;-89;-12.66;1;623027.3739;562770.0337;-73.8901041;5.09046609;97;0.685441;-8.677685738;-56.63957214
66;Pozo;8066;10/31/2017;;1020780;1054660;NEMOCàN;2593;-89;-12.66;10;623027.3739;562770.0337;-73.8901041;5.09046609;97;0.685441;-8.677685738;-56.63957214
67;Manantial;6753;1/01/1999;;995600;1038460;SUBACHOQUE;2956;-72.5;-10.365;1;597876.4972;546538.6465;-74.11718041;4.943995568;0.1;0.685818;-7.108505249;-46.02249527
68;Pozo;8171;11/09/2010;parqueadero punto de plata LUIS ENRIQUE PLATA - TEUSAQUILLO- (SALITRE);1000907;1005012;BOGOTµ D.C.;2557.783822;-62.7;-9.4;11;603227.0201;513107.009;-74.06933357;4.641524416;58.4;0.686215;-6.450421333;-38.04969788
69;Pozo;8136;11/02/2010;ASITEX LTDA No 2 - PUENTE ARANDA- (FUCHA);996380;1004824;BOGOTµ D.C.;2548.901081;-67;-9.88;11;598701.5085;512913.1647;-74.11013313;4.639823607;256;0.693079;-6.847621441;-42.68226624
70;Manantial;6736;1/01/1999;;1047530;1060370;CHOCONTµ;2679;-73.8;-10.19;1;649764.2216;568517.3845;-73.64882894;5.141984622;0.1;0.693141;-7.063105583;-42.23971939
71;Pozo;8178;11/17/2010;MEALS - SUBA- (SALITRE);1000007;1010838;BOGOTµ D.C.;2551.437094;-64.7;-9.56;11;602319.6311;518930.2563;-74.07744482;4.694209525;173;0.700996;-6.701524258;-39.25138474
72;Pozo;6827;1/01/1999;;987010;1020270;TENJO;2581;-72.6;-10.44;1;589313.8333;528342.2653;-74.19460345;4.779493812;80;0.703222;-7.341639519;-49.53143311
73;Pozo;6716;1/01/1998;Colegio Los Nogales;1002300;1020470;BOGOTµ D.C.;2554.578104;-63.3;-9.55;1;604599.209;528562.7197;-74.056775;4.781312112;96;0.706542;-6.747475624;-42.10700226
74;Manantial;6621;1/01/1998;Manantial El Rat¢n;1039820;1063730;SUESCA;2811;-74.5;-10.42;1;642050.6007;571865.6838;-73.7183483;5.17241133;0.1;0.710656;-7.405030727;-45.04629898
75;Pozo;6658;1/01/1998;Promasa 4;970627;1021850;FACATATIVµ;2615;-66.4;-9.1;1;572934.0355;529899.7472;-74.34228917;4.79374056;198.86;0.711733;-6.476768017;-39.22144699
76;Pozo;8110;10/31/2017;;970627;1021850;FACATATIVµ;2615;-66.4;-9.1;10;572934.0355;529899.7472;-74.34228917;4.79374056;198.86;0.711733;-6.476768017;-39.22144699
77;Manantial;6737;1/01/1999;;1045750;1066350;CHOCONTµ;2897;-69.05;-9.89;1;647975.8197;574493.8834;-73.66484769;5.196070688;0.1;0.712558;-7.047200203;-42.48539352
78;Manantial;8040;10/31/2017;;1045750;1066350;CHOCONTµ;2897;-69.05;-9.89;10;647975.8197;574493.8834;-73.66484769;5.196070688;0.1;0.712558;-7.047200203;-42.48539352
79;Pozo;8174;11/16/2010;COUNTRY No 2 - USAQUEN- (SALITRE);1004516;1012397;BOGOTµ D.C.;2556.638591;-62.6;-9.38;11;606825.3767;520494.7913;-74.03680356;4.708306504;122;0.714448;-6.701524258;-39.25138474
80;Pozo;7235;1/01/2001;;971790;1020500;FACATATIVµ;2590;-78.5;-11.61;1;574098.4487;528551.7743;-74.33180094;4.781536529;197;0.715274;-8.304336548;-62.77542496
81;Pozo;7249;1/01/2001;;982800;1016630;MADRID;2576;-73.77;-10.68;1;585110.0017;524697.7652;-74.23254613;4.74656963;353;0.718135;-7.669677258;-55.86472702
82;Manantial;6745;1/01/1999;;1035660;1056800;SUESCA;2676;-76.7;-10.8;1;637901.3321;564930.9023;-73.75590076;5.109764721;0.1;0.718762;-7.762630463;-47.51732635
83;Manantial;8044;10/31/2017;;1035660;1056800;SUESCA;2676;-76.7;-10.8;10;637901.3321;564930.9023;-73.75590076;5.109764721;0.1;0.718762;-7.762630463;-47.51732635
84;Manantial;6735;1/01/1999;;1049400;1067810;VILLAPINZàN;2788;-71.2;-9.78;1;651623.1356;575958.992;-73.63191644;5.209250603;0.1;0.720573;-7.047200203;-42.48539352
85;Manantial;8039;10/31/2017;;1049400;1067810;VILLAPINZàN;2788;-71.2;-9.78;10;651623.1356;575958.992;-73.63191644;5.209250603;0.1;0.720573;-7.047200203;-42.48539352
86;Pozo;6657;1/01/1998;Miramar;976510;1021280;MADRID;2587;-72.5;-10.18;1;578815.8117;529337.849;-74.28925589;4.788604539;197;0.721183;-7.341639519;-49.53143311
87;Pozo;8083;10/31/2017;;976345;1021320;MADRID;2592;-72.5;-10.18;10;578650.8126;529377.6141;-74.29074337;4.788965797;197;0.721183;-7.341639519;-49.53143311
88;Pozo;8175;11/16/2010;LA AGUADORA - EAAB - USAQUEN- (TORCA);1005911;1010589;BOGOTµ D.C.;2669.759199;-68.4;-10.1;11;608222.4015;518689.0981;-74.02423116;4.691955764;;0.723521;-7.307566166;-52.26533127
89;Aljibe;6796;1/01/1999;;983440;1013030;MOSQUERA;2570;-70.1;-9.58;1;585754.5793;521099.7453;-74.22677031;4.714015935;;0.734221;-7.033834457;-48.48610306
90;Rio;6746;1/01/1999;;1036500;1054950;SUESCA;2822;-75.3;-10.565;1;638743.8293;563082.4385;-73.74833365;5.09303165;0.1;0.73475;-7.762630463;-47.51732635
91;Rio;8045;10/31/2017;;1036500;1054950;SUESCA;2822;-75.3;-10.565;10;638743.8293;563082.4385;-73.74833365;5.09303165;0.1;0.73475;-7.762630463;-47.51732635
92;Manantial;6734;1/01/1999;;1047000;1060380;CHOCONTµ;2678;-66.15;-9.6;1;649234.2877;568526.6181;-73.65360892;5.142078245;0.1;0.73574;-7.063105583;-42.23971939
93;Manantial;6730;1/01/1999;;989000;1041900;SUBACHOQUE;3209;-71.65;-10.44;1;591273.6306;549968.4608;-74.17669375;4.975097263;0.1;0.737088;-7.695199966;-53.96866608
94;Pozo;7248;1/01/2001;;998100;1025500;COTA;2582;-41.79;-11.48;1;600393.5655;533585.695;-74.09463625;4.826798791;;0.737869;-8.47073555;-59.53157806
95;Pozo;7246;1/01/2001;;1022600;1046450;GACHANCIPµ;2585;-70.38;-11.47;1;624858.6221;554564.3936;-73.87371375;5.016218627;82;0.738046;-8.465386391;-56.39035416
96;Pozo;6666;1/01/1998;La Gioconda;993450;1022130;COTA;2880;-72;-10.61;1;595749.4274;530210.3671;-74.13655294;4.796321357;100;0.742793;-7.88103199;-53.4583168
97;Pozo;8099;10/31/2017;;993450;1022130;COTA;2880;-72;-10.61;10;595749.4274;530210.3671;-74.13655294;4.796321357;100;0.742793;-7.88103199;-53.4583168
98;Rio;6692;1/01/1998;Rfo Chic¢;994660;1017580;COTA;2563;-60.4;-8.54;1;596965.1786;525663.2919;-74.12564252;4.75517628;0.1;0.74298;-6.345050335;-38.56540298
99;Pozo;8183;11/18/2010;COLEGIO EL ROSARIO - SUBA- (TORCA);1001218;1021441;BOGOTµ D.C.;2554.89619;-68.9;-10.04;11;603516.1937;529532.0074;-74.06652834;4.790093152;150;0.745033;-7.480134487;-52.04560852
100;Rio;6622;1/01/1998;R¡o Bogot  La Hondura;1055800;1070200;VILLAPINZàN;2839;-69.9;-10.11;1;658018.7471;578358.0372;-73.57417218;5.230818885;0.1;0.7459;-7.541049957;-47.46853256
101;Pozo;8160;11/08/2010;COLEGIO DE LA ENSENANZA No 2 - SUBA- (TORCA);1002771;1020707;BOGOTµ D.C.;2555.037972;-61.8;-9.04;11;605069.7661;528800.289;-74.05252918;4.783455176;110;0.746402;-6.747475624;-42.10700226
102;Pozo;7238;1/01/2001;;1001340;1020545;BOGOTµ D.C.;2560.130953;-63.66;-10.97;1;603639.3644;528636.4115;-74.06542873;4.781990549;;0.749403;-8.220954895;-52.82256699
103;Rio;6738;1/01/1999;;1057600;1067650;VILLAPINZàN;3249;-67.65;-10.15;1;659822.2517;575811.001;-73.55795496;5.207747088;0.1;0.750995;-7.622600079;-51.50659561
104;Manantial;6742;1/01/1999;;1031910;1059780;SUESCA;2983;-73.5;-10.23;1;634147.7455;567904.956;-73.78970856;5.136728493;0.1;0.752869;-7.701849937;-48.16018295
105;Manantial;8042;10/31/2017;;1031910;1059780;SUESCA;2983;-73.5;-10.23;10;634147.7455;567904.956;-73.78970856;5.136728493;0.1;0.752869;-7.701849937;-48.16018295
106;Manantial;6743;1/01/1999;;1033780;1050480;SESQUIL;2869;-69.65;-9.815;1;636030.6899;558609.3825;-73.77288261;5.052622161;0.1;0.754257;-7.403030872;-46.65603256
107;Manantial;8043;10/31/2017;;1033780;1050480;SESQUIL;2869;-69.65;-9.815;10;636030.6899;558609.3825;-73.77288261;5.052622161;0.1;0.754257;-7.403030872;-46.65603256
108;Pozo;6683;1/01/1998;Santillana 1;971889;1018639;FACATATIVµ;2583;-74.6;-10.58;1;574199.9073;526691.5446;-74.33090235;4.764707879;359;0.758146;-8.021181107;-60.93054962
109;Pozo;8120;10/31/2017;;971889;1018639;FACATATIVµ;2583;-74.6;-10.58;10;574199.9073;526691.5446;-74.33090235;4.764707879;359;0.758146;-8.021181107;-60.93054962
110;Manantial;6733;1/01/1999;;1044130;1062250;CHOCONTµ;2650;-72.25;-10.235;1;646362.0333;570392.177;-73.67948287;5.159004859;0.1;0.75844;-7.762630463;-47.51732635
111;Manantial;8038;10/31/2017;;1044130;1062250;CHOCONTµ;2650;-72.25;-10.235;10;646362.0333;570392.177;-73.67948287;5.159004859;0.1;0.75844;-7.762630463;-47.51732635
112;Manantial;6771;1/01/1999;;1007930;1022420;BOGOTµ D.C.;3137;-69.05;-10.3;1;610225.1327;530519.7841;-74.0060226;4.798942653;0.1;0.759609;-7.823971272;-52.66571045
113;Manantial;8049;10/31/2017;;1007930;1022420;BOGOTµ D.C.;3137;-69.05;-10.3;10;610225.1327;530519.7841;-74.0060226;4.798942653;0.1;0.759609;-7.823971272;-52.66571045
114;Rio;6695;1/01/1998;R¡o Subachoque;980200;1009300;MOSQUERA;2561;-65.2;-9.3;1;582520.524;517366.6584;-74.25596515;4.680278503;0.1;0.762373;-7.090070248;-49.71907806
115;Manantial;6752;1/01/1999;;991375;1032650;SUBACHOQUE;3021;-71.35;-10.275;1;593660.7312;540724.4893;-74.1552689;4.891452252;0.1;0.764876;-7.859099865;-53.15644836
116;Pozo;6627;1/01/1998;El Turpial;1005210;1044550;ZIPAQUIRµ;2871;-70.5;-9.77;1;607475.4021;552640.4055;-74.03052818;4.999067019;188;0.771656;-7.53908062;-48.52206421
117;Pozo;8082;10/31/2017;;1005210;1044550;ZIPAQUIRµ;2871;-70.5;-9.77;10;607475.4021;552640.4055;-74.03052818;4.999067019;188;0.771656;-7.53908062;-48.52206421
118;Manantial;6731;1/01/1999;;990700;1047810;SUBACHOQUE;3359;-62.1;-9.305;1;592964.831;555879.09;-74.16137184;5.028543491;0.1;0.772552;-7.188600063;-50.18803406
119;Pozo;6840;1/01/1999;;1005200;1024600;BOGOTµ D.C.;2583.938079;-76.7;-10.91;1;607492.8863;532695.5445;-74.03063095;4.818658643;183;0.776419;-8.47073555;-58.81492233
120;Manantial;6728;1/01/1999;;986120;1041000;SUBACHOQUE;3033;-67.75;-9.865;1;588395.7585;549064.7164;-74.20266083;4.966954149;0.1;0.782691;-7.721250057;-53.79669189
121;Manantial;8036;10/31/2017;;986120;1041000;SUBACHOQUE;3033;-67.75;-9.865;10;588395.7585;549064.7164;-74.20266083;4.966954149;0.1;0.782691;-7.721250057;-53.79669189
122;Humedal;8188;12/11/2010;Humedal Guaymaral;1003969;1023161;BOGOTµ D.C.;2546.483452;-75.7;-10.81;12;606264.1493;531255.2559;-74.04172885;4.805646363;0.1;0.783602;-8.47073555;-58.81492233
123;Pozo;6685;1/01/1998;Flores de Mayo;984000;1019500;FUNZA;2579;-70.6;-10.08;1;586305.7925;527568.4685;-74.22173493;4.772525501;279;0.789123;-7.954361439;-57.9794426
124;Pozo;8116;10/31/2017;;984000;1019500;FUNZA;2579;-70.6;-10.08;10;586305.7925;527568.4685;-74.22173493;4.772525501;279;0.789123;-7.954361439;-57.9794426
125;Pozo;7242;1/01/2001;;1001600;1022900;BOGOTµ D.C.;2554.787516;-61.42;-10.36;1;603896.1274;530991.1308;-74.06308456;4.803286911;252;0.793349;-8.219093323;-55.48789597
126;Pozo;7241;1/01/2001;;1002950;1014345;BOGOTµ D.C.;2555.274413;-86.52;-10.22;1;605257.2079;522440.2081;-74.05091782;4.725923105;82;0.79475;-8.122340202;-51.76466751
127;Manantial;6758;1/01/1999;;977920;1029390;FACATATIVµ;2728;-70.35;-10.4;1;580214.3672;537447.0893;-74.27656702;4.861947063;0.1;0.797532;-8.294330597;-55.29022598
128;Pozo;6659;1/01/1998;Las Caicas 2;977120;1023070;FACATATIVµ;2584;-72.5;-10.6;1;579423.2011;531128.0792;-74.28376199;4.80479319;281;0.799126;-8.47073555;-58.79953003
129;Pozo;8087;10/31/2017;;977120;1023070;FACATATIVµ;2584;-72.5;-10.6;10;579423.2011;531128.0792;-74.28376199;4.80479319;281;0.799126;-8.47073555;-58.79953003
130;Pozo;6686;1/01/1998;Municipio Boj ac ;970910;1014820;BOJACµ;2599;-71.8;-10.02;1;573226.3312;522872.5532;-74.33971403;4.730169439;225;0.800517;-8.021181107;-60.93054962
131;Pozo;8114;10/31/2017;;970910;1014820;BOJACµ;2599;-71.8;-10.02;10;573226.3312;522872.5532;-74.33971403;4.730169439;225;0.800517;-8.021181107;-60.93054962
132;Manantial;6732;1/01/1999;;991200;1048250;SUBACHOQUE;3416;-63.5;-9.57;1;593464.0627;556319.6662;-74.15686351;5.03252297;0.1;0.802419;-7.679150105;-57.54067612
133;Pozo;6841;1/01/1999;;1000800;1019280;BOGOTµ D.C.;2629.337521;-70.7;-9.63;1;603101.2051;527371.0275;-74.07029658;4.77055114;216;0.807759;-7.77872324;-57.3168335
134;Aljibe;8161;11/08/2010;Pequeñitas y Pequeñitos de Jesus - SUBA- (TORCA);998170;1017712;BOGOTµ D.C.;2551.341707;-78.3;-11.35;11;600474.0182;525799.9393;-74.09400351;4.756371449;2;0.808497;-9.176441193;-62.95465469
135;Pozo;6675;1/01/1998;Juanamb£ 2;970320;1017260;BOJACµ;2588;-75.5;-9.87;1;572633.2891;525310.9247;-74.34504051;4.752232265;202;0.812683;-8.021181107;-60.93054962
136;Pozo;8109;10/31/2017;;970320;1017260;BOJACµ;2588;-75.5;-9.87;10;572633.2891;525310.9247;-74.34504051;4.752232265;202;0.812683;-8.021181107;-60.93054962
137;Pozo;6633;1/01/1998;San Ignacio;1018450;1043910;TOCANCIPµ;2588;-76.3;-10.37;1;620713.1008;552019.1227;-73.91114181;4.993260096;70;0.816344;-8.465491295;-57.07544708
138;Pozo;6642;1/01/1998;La Torre de Vig¡a;970016;1025940;FACATATIVµ;2637;-67.2;-9.7;1;572317.7247;533987.5049;-74.34781155;4.830724088;60;0.816527;-7.920312881;-53.06278992
139;Pozo;8095;10/31/2017;;970016;1025940;FACATATIVµ;2637;-67.2;-9.7;10;572317.7247;533987.5049;-74.34781155;4.830724088;60;0.816527;-7.920312881;-53.06278992
140;Pozo;6655;1/01/1998;PradoGrande;981790;1026360;EL ROSAL;2602;-74.2;-10.45;1;584087.2414;534423.3309;-74.24167108;4.834556148;180;0.818688;-8.555293083;-61.91918564
141;Pozo;8081;10/31/2017;;981790;1026360;EL ROSAL;2602;-74.2;-10.45;10;584087.2414;534423.3309;-74.24167108;4.834556148;180;0.818688;-8.555293083;-61.91918564
142;Pozo;8177;11/17/2010;INGEOMINAS No 2 - TEUSAQUILLO- (SALITRE);998248;1004744;BOGOTµ D.C.;2549.958795;-60.2;-9.16;11;600569.0932;512835.6192;-74.09329778;4.639100736;;0.818987;-7.501921654;-48.30513
143;Pozo;6631;1/01/1998;Agromonte;1022600;1046450;GACHANCIPµ;2585;-74.3;-10.33;1;624858.6221;554564.3936;-73.87371375;5.016218627;82;0.819495;-8.465386391;-56.39035416
144;Pozo;8056;10/31/2017;;1022600;1046450;GACHANCIPµ;2585;-74.3;-10.33;10;624858.6221;554564.3936;-73.87371375;5.016218627;82;0.819495;-8.465386391;-56.39035416
145;Pozo;7247;1/01/2001;;1023930;1054700;NEMOCàN;2605;-66.14;-10.67;1;626176.6394;562814.525;-73.86169592;5.090818913;100;0.822093;-8.771736145;-58.06475067
146;Pozo;6623;1/01/1998;Villa Mercedes 1;1014360;1051210;COGUA;2588;-70.7;-10.27;1;616613.7451;559311.6746;-73.94800878;5.05928212;40;0.824283;-8.465386391;-56.39035416
147;Aljibe;6795;1/01/1999;;993920;1025100;TENJO;2587;-68.2;-10.255;1;596215.2837;533180.1479;-74.13231827;4.823179575;;0.82601;-8.47073555;-58.79953003
148;Manantial;6760;1/01/1999;;995490;1025470;TENJO;2751;-66.85;-10.355;1;597784.3356;533552.1682;-74.11816514;4.826526498;0.1;0.826199;-8.555293083;-60.63032913
149;Manantial;8048;10/31/2017;;995490;1025470;TENJO;2751;-69.85;-10.355;10;597784.3356;533552.1682;-74.11816514;4.826526498;0.1;0.826199;-8.555293083;-60.63032913
150;Pozo;6756;1/01/1999;;981790;1026360;EL ROSAL;2602;-69.4;-10.35;1;584087.2414;534423.3309;-74.24167108;4.834556148;180;0.826598;-8.555293083;-61.91918564
151;Pozo;6826;1/01/2000;;990226;1025990;TENJO;2587;-75.4;-10.54;1;592521.1548;534064.8847;-74.16562019;4.831224378;90;0.827172;-8.718392372;-62.01530838
152;Pozo;6632;1/01/1998;Las Palmas 3;1018270;1044830;TOCANCIPµ;2586;-75;-10.39;1;620531.8511;552938.6632;-73.91276281;5.001580035;140;0.828767;-8.61088562;-57.81786346
153;Pozo;8074;10/31/2017;;1018270;1044830;TOCANCIPµ;2586;-75;-10.39;10;620531.8511;552938.6632;-73.91276281;5.001580035;140;0.828767;-8.61088562;-57.81786346
154;Pozo;6719;1/01/1998;Torca 2;1005200;1024600;BOGOTµ D.C.;2583.938079;-70;-10.22;1;607492.8863;532695.5445;-74.03063095;4.818658643;183;0.828839;-8.47073555;-58.81492233
155;Pozo;8107;10/31/2017;;1005200;1024600;BOGOTµ D.C.;2583.938079;-70;-10.22;10;607492.8863;532695.5445;-74.03063095;4.818658643;183;0.828839;-8.47073555;-58.81492233
156;Pozo;6718;1/01/1998;Cafam Pozo 6;1003680;1021630;BOGOTµ D.C.;2554.06256;-61.9;-9.59;1;605977.2867;529724.2674;-74.04433474;4.791801574;177;0.829443;-7.954361439;-57.9794426
157;Pozo;8080;10/31/2017;;1003680;1021630;BOGOTµ D.C.;2554.06256;-61.9;-9.59;10;605977.2867;529724.2674;-74.04433474;4.791801574;177;0.829443;-7.954361439;-57.9794426
158;Pozo;6825;1/01/1999;;979620;1023380;MADRID;2590;-74.2;-10.45;1;581921.9677;531441.3497;-74.26122632;4.807602968;320;0.829688;-8.670235634;-61.11604691
159;Pozo;6656;1/01/1998;La Polonia 1;979820;1023380;MADRID;2587;-72.6;-10.44;1;582121.9031;531441.6195;-74.2594234;4.807603451;320;0.830482;-8.670235634;-61.11604691
160;Pozo;8089;10/31/2017;;979620;1023380;MADRID;2590;-72.6;-10.44;10;581921.9677;531441.3497;-74.26122632;4.807602968;320;0.830482;-8.670235634;-61.11604691
161;Pozo;6639;1/01/1998;El Part¡llal;1042680;1059900;CHOCONTµ;2657;-68.7;-9.32;1;644915.6634;568040.4621;-73.69257354;5.137762434;100;0.8329;-7.762630463;-47.51732635
162;Pozo;8068;10/31/2017;;1042680;1059900;CHOCONTµ;2657;-68.7;-9.32;10;644915.6634;568040.4621;-73.69257354;5.137762434;100;0.8329;-7.762630463;-47.51732635
163;Pozo;6679;1/01/1998;San Marino;974500;1016520;MADRID;2574;-75.3;-10.99;1;576812.8489;524576.7472;-74.30736041;4.745554038;183;0.834981;-9.176441193;-62.95465469
164;Pozo;8108;10/31/2017;;974500;1016515;MADRID;2573;-75.3;-10.99;10;576812.8556;524571.7489;-74.30736039;4.745508823;183;0.834981;-9.176441193;-62.95465469
165;Pozo;6684;1/01/1998;Agropecuaria San La2aro;984000;1019750;FUNZA;2581;-67.1;-9.5;1;586305.4576;527818.3905;-74.22173541;4.774786261;208;0.837301;-7.954361439;-57.9794426
166;Pozo;8111;10/31/2017;;984000;1019750;FUNZA;2581;-67.1;-9.5;10;586305.4576;527818.3905;-74.22173541;4.774786261;208;0.837301;-7.954361439;-57.9794426
167;Pozo;6822;1/01/2000;;993210;1031220;TENJO;2610;-62.7;-11.22;1;595497.1574;539297.4207;-74.13872381;4.878522434;220;0.839415;-9.418241501;-63.63973236
168;Pozo;6670;1/01/1998;Los Nogales;993360;1026100;TENJO;2584;-70.7;-10.09;1;595654.09;534179.1018;-74.13736739;4.832222195;145;0.839518;-8.47073555;-60.83000183
169;Pozo;8075;10/31/2017;;993360;1026100;TENJO;2584;-70.7;-10.09;10;595654.09;534179.1018;-74.13736739;4.832222195;145;0.839518;-8.47073555;-60.83000183
170;Pozo;6661;1/01/1998;Puente Piedra;984630;1023800;MADRID;2595;-70.9;-10.12;1;586929.8145;531867.978;-74.21606384;4.811411719;150;0.845385;-8.555293083;-59.90367126
171;Pozo;8105;10/31/2017;;984630;1023600;MADRID;2596;-70.9;-10.12;10;586930.0845;531668.04;-74.21606347;4.809603113;150;0.845385;-8.555293083;-59.90367126
172;Pozo;8138;11/02/2010;CAFAM No 1 - SUBA- (TORCA);1003734;1021513;BOGOTµ D.C.;2554.017235;-63.2;-9.4;11;606031.4299;529607.3707;-74.04384801;4.790743512;177;0.846209;-7.954361439;-57.9794426
173;Pozo;6824;1/01/1999;;981790;1026360;EL ROSAL;2602;-70;-10.11;1;584087.2414;534423.3309;-74.24167108;4.834556148;180;0.846221;-8.555293083;-61.91918564
174;Pozo;6636;1/01/1998;Finca Manas de Astorca;1023000;1050000;SUESCA;2592;-71.2;-10.17;1;625253.5232;558114.1993;-73.87009662;5.048319917;62;0.846695;-8.61088562;-57.81786346
175;Pozo;8182;11/18/2010;SEDE SOCIAL Y DEPORTIVA No 2 BAVARIA - USAQUEN- (TORCA);1004952;1023398;BOGOTµ D.C.;2557.785484;-65.7;-10;11;607246.574;531493.5203;-74.03286733;4.807789044;86.44;0.847074;-8.47073555;-58.81492233
176;Pozo;6667;1/01/1998;Noviciado Antiguo;998100;1026280;COTA;2584;-70.9;-9.98;1;600392.5082;534365.4795;-74.09463642;4.83385237;;0.848771;-8.47073555;-60.83000183
177;Pozo;6717;1/01/1998;Colegio Andino;1003110;1022150;BOGOTµ D.C.;2552.71296;-64.1;-9.67;1;605406.7369;530243.3639;-74.04947279;4.796504194;119.4;0.849958;-8.219093323;-55.4617157
178;Pozo;6663;1/01/1998;Agropuecuarta Las Vegas;984250;1021610;FUNZA;2587;-68.9;-9.63;1;586552.8833;529678.1466;-74.21948532;4.791606777;137;0.850749;-8.192713737;-60.92893982
179;Pozo;8101;10/31/2017;;984250;1021610;FUNZA;2587;-68.9;-9.63;10;586552.8833;529678.1466;-74.21948532;4.791606777;137;0.850749;-8.192713737;-60.92893982
180;Pozo;6643;1/01/1998;La Guapucha;969600;1026500;FACATATIVµ;2636;-68.9;-9.88;1;571901.1099;534546.746;-74.35156376;4.835786632;350;0.850775;-8.405658722;-57.53739929
181;Pozo;8118;10/31/2017;;969600;1026500;FACATATIVµ;2636;-68.9;-9.88;10;571901.1099;534546.746;-74.35156376;4.835786632;350;0.850775;-8.405658722;-57.53739929
182;Pozo;6625;1/01/1998;La Bolvora;1012340;1046670;ZIPAQUIRµ;2587;-72.2;-10.11;1;614600.6447;554769.898;-73.96623219;5.018230389;70;0.85172;-8.61088562;-57.81786346
183;Pozo;7245;1/01/2001;;1013250;1034560;SOPà;2582;-70.03;-11;1;615527.2948;542664.0612;-73.95804599;4.908718268;112;0.853858;-9.39244175;-66.65888977
184;Pozo;6669;1/01/1998;La Florida;985200;1024370;MADRID;2608;-71.6;-10.17;1;587498.8681;532438.5715;-74.21092647;4.816567273;251;0.857266;-8.718392372;-61.29544449
185;Pozo;8115;10/31/2017;;985200;1024370;MADRID;2608;-71.6;-10.17;10;587498.8681;532438.5715;-74.21092647;4.816567273;251;0.857266;-8.718392372;-61.29544449
186;Pozo;8072;10/31/2017;;1003110;1022150;BOGOTµ D.C.;2552.71296;-64.1;-9.57;10;605406.7369;530243.3639;-74.04947279;4.796504194;119.4;0.858839;-8.219093323;-55.4617157
187;Pozo;6664;1/01/1998;Chitasug  1;990923;1029930;TENJO;2603;-77.4;-10.91;1;593212.5879;538004.6697;-74.15934105;4.866854729;1000;0.863588;-9.421741486;-63.63973236
188;Pozo;8125;10/31/2017;;990923;1029930;TENJO;2603;-77.4;-10.91;10;593212.5879;538004.6697;-74.15934105;4.866854729;1000;0.863588;-9.421741486;-63.63973236
189;Pozo;7244;1/01/2001;;1015800;1041100;TOCANCIPµ;2584;-70.7;-10.78;1;618067.6329;549206.06;-73.93504263;4.967854937;253;0.864804;-9.322591782;-64.66546631
190;Pozo;6715;1/01/1998;Aer olea ver;1000600;1024420;BOGOTµ D.C.;2555.288177;-70.1;-9.77;1;602894.3443;532509.3727;-74.07209905;4.817032488;113;0.867015;-8.47073555;-58.81492233
191;Pozo;8069;10/31/2017;;1000600;1024420;BOGOTµ D.C.;2555.288177;-70.1;-9.77;10;602894.3443;532509.3727;-74.07209905;4.817032488;113;0.867015;-8.47073555;-58.81492233
192;Pozo;6630;1/01/1998;Los Pinos II;1025540;1047500;SESQUIL;2583;-67.4;-9.9;1;627796.5233;555618.3151;-73.84719928;5.025704893;86;0.869786;-8.61088562;-57.81786346
193;Pozo;8058;10/31/2017;;1025540;1047500;SESQUIL;2583;-67.4;-9.9;10;627796.5233;555618.3151;-73.84719928;5.025704893;86;0.869786;-8.61088562;-57.81786346
194;Pozo;8137;11/02/2010;CARMEL CLUB No 2 - SUBA- (SALITRE);1002967;1016227;BOGOTµ D.C.;2555.243881;-63.8;-9.4;11;605271.7029;524321.7341;-74.05076393;4.742942167;187;0.871118;-8.188512802;-52.62369156
195;Pozo;6648;1/01/1998;Sausallto;993210;1031220;TENJO;2610;-77.9;-10.8;1;595497.1574;539297.4207;-74.13872381;4.878522434;220;0.872059;-9.418241501;-63.63973236
196;Pozo;8112;10/31/2017;;993210;1031220;TENJO;2610;-77.9;-10.8;10;595497.1574;539297.4207;-74.13872381;4.878522434;220;0.872059;-9.418241501;-63.63973236
197;Aljibe;6797;1/01/1999;;973520;1019420;MADRID;2580;-65.65;-9.365;1;575829.307;527474.4609;-74.31620294;4.771775714;;0.873302;-8.178472519;-52.82256699
198;Pozo;6638;1/01/1998;El Cofrecito;1022700;1044500;GACHANCIPµ;2586;-71.4;-9.85;1;624961.3409;552614.9518;-73.87281749;4.998584603;88.5;0.874202;-8.61088562;-57.81786346
199;Pozo;8059;10/31/2017;;1022700;1044500;GACHANCIPµ;2586;-71.4;-9.85;10;624961.3409;552614.9518;-73.87281749;4.998584603;88.5;0.874202;-8.61088562;-57.81786346
200;Pozo;6645;1/01/1998;Tutuaba;991296;1030310;TENJO;2621;-77.7;-10.77;1;593584.9592;538385.0676;-74.15597869;4.870291482;142;0.874489;-9.418241501;-63.63973236
201;Pozo;8103;10/31/2017;;991296;1030310;TENJO;2621;-77.7;-10.77;10;593584.9592;538385.0676;-74.15597869;4.870291482;142;0.874489;-9.418241501;-63.63973236
202;Pozo;6626;1/01/1998;Santa Cecilia;1012070;1048290;ZIPAQUIRµ;2600;-71.3;-9.84;1;614328.4251;556389.1273;-73.96866448;5.032880429;68;0.87509;-8.61088562;-57.81786346
203;Pozo;6820;1/01/1999;;1012070;1048290;ZIPAQUIRµ;2600;-71.3;-9.84;1;614328.4251;556389.1273;-73.96866448;5.032880429;68;0.87509;-8.61088562;-57.81786346
204;Manantial;6747;1/01/1999;;983000;1033150;EL ROSAL;2719;-63.3;-9.015;1;585287.5896;541212.8372;-74.23077684;4.895960733;0.1;0.87733;-7.909130573;-50.75102615
205;Manantial;8046;10/31/2017;;983000;1033150;EL ROSAL;2719;-63.3;-9.015;10;585287.5896;541212.8372;-74.23077684;4.895960733;0.1;0.87733;-7.909130573;-50.75102615
206;Pozo;6635;1/01/1998;Reaseguradora de Colo;1022270;1043600;GACHANCIPµ;2586;-65.4;-9.64;1;624532.6947;551714.5423;-73.87669735;4.990447147;70;0.878163;-8.465491295;-57.07544708
207;Pozo;8051;10/31/2017;;1022270;1043600;GACHANCIPµ;2586;-65.4;-9.64;10;624532.6947;551714.5423;-73.87669735;4.990447147;70;0.878163;-8.465491295;-57.07544708
208;Pozo;6711;1/01/1998;El Sosiego;1015070;1036050;SOPà;2582;-73.3;-10.67;1;617344.8106;544156.2207;-73.94163418;4.922189204;146.5;0.882811;-9.41959095;-64.66546631
209;Pozo;8104;10/31/2017;;1015070;1036050;SOPà;2582;-73.3;-10.67;10;617344.8106;544156.2207;-73.94163418;4.922189204;146.5;0.882811;-9.41959095;-64.66546631
210;Manantial;6739;1/01/1999;;1007770;1042540;CajICµ;2691;-73.2;-10.515;1;610037.5635;550634.5028;-74.00744602;4.980888527;0.1;0.884473;-9.300234795;-64.66546631
211;Manantial;8041;10/31/2017;;1007770;1042540;CajICµ;2691;-73.2;-10.515;10;610037.5635;550634.5028;-74.00744602;4.980888527;0.1;0.884473;-9.300234795;-64.66546631
212;Pozo;6628;1/01/1998;Santa Cruz;1024630;1045980;GACHANCIPµ;2586;-67;-9.72;1;626888.8536;554097.3496;-73.85540987;5.011962483;37;0.885894;-8.61088562;-57.81786346
213;Pozo;6755;1/01/1999;;970817;1027100;FACATATIVµ;2683;-72;-10.345;1;573116.8733;535148.1901;-74.34059469;4.841216753;90;0.886827;-9.174221039;-63.31170654
214;Humedal;8200;12/11/2010;HUMEDAL TIBANICA;985986;1000890;BOGOTµ D.C.;2541.885572;-91.8;-12.22;12;588315.6628;508966.8374;-74.20380256;4.604237573;0.1;0.891805;-10.89785576;-79.08417511
215;Pozo;6644;1/01/1998;Finca Mave POZO 1;983263;1033743;EL ROSAL;2744;-67.5;-9.23;1;585549.6919;541806.0124;-74.22840689;4.901323772;197;0.892549;-8.238230705;-53.26311111
216;Pozo;8084;10/31/2017;;983263;1033743;EL ROSAL;2744;-67.5;-9.23;10;585549.6919;541806.0124;-74.22840689;4.901323772;197;0.892549;-8.238230705;-53.26311111
217;Pozo;6839;1/01/1999;;1000600;1024420;BOGOTµ D.C.;2555.288177;-67;-9.48;1;602894.3443;532509.3727;-74.07209905;4.817032488;113;0.893538;-8.47073555;-58.81492233
218;Pozo;6665;1/01/1998;Mi Tierra 2;988232;1027720;MADRID;2595;-72.3;-10.23;1;590525.4013;535791.6604;-74.18359844;4.846866251;35;0.896345;-9.169610977;-63.419487
219;Pozo;6704;1/01/1998;La Esperanza;1001300;1033340;CHÖA;2584;-76.1;-10.22;1;603581.9973;541427.9272;-74.06578731;4.897696356;62;0.897317;-9.170584679;-61.18350983
220;Pozo;6713;1/01/1998;Flores La Sabana;1001030;1024820;BOGOTµ D.C.;2555.801175;-65.5;-9.42;1;603323.6875;532909.8465;-74.06822264;4.820649668;118;0.899229;-8.47073555;-58.81492233
221;Pozo;8071;10/31/2017;;1001030;1024820;BOGOTµ D.C.;2555.801175;-65.5;-9.42;10;603323.6875;532909.8465;-74.06822264;4.820649668;118;0.899229;-8.47073555;-58.81492233
222;Rio;6696;1/01/1998;Rio Tunjueiito;987000;1025000;MADRID;2638;-60.6;-9.65;1;589297.4642;533070.8126;-74.19470089;4.822267374;0.1;0.90346;-8.718392372;-61.29544449
223;Pozo;6653;1/01/1998;Ecopetrol;970817;1027100;FACATATIVµ;2683;-70;-10.11;1;573116.8733;535148.1901;-74.34059469;4.841216753;90;0.90744;-9.174221039;-63.31170654
224;Pozo;8098;10/31/2017;;970817;1027100;FACATATIVµ;2683;-70;-10.11;10;573116.8733;535148.1901;-74.34059469;4.841216753;90;0.90744;-9.174221039;-63.31170654
225;Manantial;6819;1/01/1999;;1007770;1042540;CajICµ;2691;-72.25;-10.235;1;610037.5635;550634.5028;-74.00744602;4.980888527;0.1;0.90867;-9.300234795;-64.66546631
226;Pozo;6662;1/01/1998;Flores Condor Vereda el Rosal;979500;1027000;EL ROSAL;2607;-71.9;-10.09;1;581797.1064;535060.0175;-74.26231693;4.840338354;350;0.909239;-9.174221039;-63.31170654
227;Pozo;8088;10/31/2017;;979500;1027000;EL ROSAL;2607;-71.9;-10.09;10;581797.1064;535060.0175;-74.26231693;4.840338354;350;0.909239;-9.174221039;-63.31170654
228;Pozo;6714;1/01/1998;Arlzona;1000580;1023530;BOGOTµ D.C.;2554.770875;-67.3;-9.42;1;602875.5517;531619.5859;-74.0722794;4.80898417;75;0.909765;-8.569986343;-58.28411484
229;Pozo;8053;10/31/2017;;1000580;1023530;BOGOTµ D.C.;2554.770875;-67.3;-9.42;10;602875.5517;531619.5859;-74.0722794;4.80898417;75;0.909765;-8.569986343;-58.28411484
230;Pozo;6705;1/01/1998;Las Margaritas;999845;1032660;CHÖA;2604;-72.9;-10.08;1;602128.3241;540746.1124;-74.07890536;4.891547194;90;0.90978;-9.170584679;-61.18350983
231;Pozo;6837;1/01/1999;;1003820;1034500;CajICµ;2581;-70.6;-10.08;1;606099.7336;542591.087;-74.04306682;4.908185487;93;0.90978;-9.170584679;-61.18350983
232;Pozo;8062;10/31/2017;;999845;1032660;CHÖA;2604;-72.9;-10.08;10;602128.3241;540746.1124;-74.07890536;4.891547194;90;0.90978;-9.170584679;-61.18350983
233;Pozo;6694;1/01/1998;Fute 2;978180;1004040;MOSQUERA;2604;-75.2;-10.46;1;580508.0516;512105.7229;-74.27415812;4.632707219;220;0.910493;-9.523757935;-66.04005432
234;Pozo;8113;10/31/2017;;978180;1004040;MOSQUERA;2604;-75.2;-10.46;10;580508.0516;512105.7229;-74.27415812;4.632707219;220;0.910493;-9.523757935;-66.04005432
235;Humedal;6744;1/01/1999;;1035800;1054680;SUESCA;2726;-66.95;-8.525;1;638044.3412;562811.4868;-73.75464773;5.090593282;0.1;0.910572;-7.762630463;-49.37343979
236;Manantial;6647;1/01/1998;Mant. Termal Tabio;996870;1036320;TABIO;2627;-69.8;-9.98;1;599149.1033;544401.0063;-74.10572867;4.924644087;0.1;0.911897;-9.100734711;-62.40465546
237;Manantial;8050;10/31/2017;;996870;1036320;TABIO;2627;-69.8;-9.98;10;599149.1033;544401.0063;-74.10572867;4.924644087;0.1;0.911897;-9.100734711;-62.40465546
238;Pozo;6637;1/01/1998;San Diego 2;1017100;1041800;TOCANCIPµ;2595;-73.6;-10.22;1;619366.3576;549907.7126;-73.92331936;4.974182388;104;0.912191;-9.322591782;-64.66546631
239;Pozo;8067;10/31/2017;;1017100;1041800;TOCANCIPµ;2595;-73.6;-10.22;10;619366.3576;549907.7126;-73.92331936;4.974182388;104;0.912191;-9.322591782;-64.66546631
240;Pozo;6838;1/01/1999;;1004620;1032750;CajICµ;2575;-72.4;-10.26;1;606901.9314;540842.6434;-74.03585501;4.892359774;82;0.915443;-9.39244175;-63.46318817
241;Pozo;6629;1/01/1998;Florencia H;1025620;1048950;SESQUIL;2578;-66;-9.38;1;627874.4591;557068.1282;-73.84647325;5.038816875;28;0.918005;-8.61088562;-57.81786346
242;Pozo;6710;1/01/1998;Flores de Aposentos Ltda.;1009700;1038220;SOPà;2579;-68.9;-9.89;1;611973.0967;546318.2672;-73.99004842;4.941820663;90;0.920196;-9.100734711;-62.40465546
243;Pozo;8063;10/31/2017;;1009700;1038220;SOPà;2579;-68.9;-9.89;10;611973.0967;546318.2672;-73.99004842;4.941820663;90;0.920196;-9.100734711;-62.40465546
244;Pozo;6671;1/01/1998;Viveros Tirr ;993830;1028390;TENJO;2591;-70.6;-9.93;1;596120.843;536469.0818;-74.13313204;4.852931125;90;0.921279;-9.148296356;-63.24267197
245;Pozo;8060;10/31/2017;;993830;1028390;TENJO;2591;-70.5;-9.93;10;596120.843;536469.0818;-74.13313204;4.852931125;90;0.921279;-9.148296356;-63.24267197
246;Humedal;8199;12/11/2010;HUMEDAL LA REGADERA;992925;977545;BOGOTµ D.C.;2992;-89.9;-12.16;12;595282.0706;485637.5519;-74.14124974;4.39313405;0.1;0.923618;-11.23120022;-79.80284119
247;Pozo;6681;1/01/1998;Villa Marina 1;983855;1014440;FUNZA;2571;-57.1;-8.1;1;586167.5818;522509.8541;-74.2230324;4.726767429;180;0.925214;-7.494231224;-53.02352905
248;Pozo;8078;10/31/2017;;983855;1014435;FUNZA;2571;-57.1;-8.1;10;586167.5884;522504.8557;-74.22303239;4.726722214;180;0.925214;-7.494231224;-53.02352905
249;Pozo;6672;1/01/1998;Flores Bellavista;997630;1029590;TENJO;2592;-67.5;-9.77;1;599918.1345;537673.9237;-74.09887442;4.86378473;35;0.939006;-9.174084663;-61.18350983
250;Rio;6674;1/01/1998;Rio Fri¢;999560;1026540;COTA;2577;-65.7;-9.43;1;601851.7548;534627.3891;-74.08147453;4.836203768;0.1;0.93941;-8.858635902;-63.11514282
251;Rio;6652;1/01/1998;Rio Bogot  - Teusac ;1008400;1038500;SOPà;2576;-63.6;-9.95;1;610673.0314;546596.3944;-74.0017695;4.944354148;0.1;0.939537;-9.348391533;-64.66546631
252;Pozo;6649;1/01/1998;Flores del Potrero - El B.;998425;1030800;TENJO;2596;-69.2;-9.75;1;600711.2614;538884.6755;-74.0917074;4.874726998;71.5;0.940573;-9.170584679;-61.18350983
253;Pozo;8096;10/31/2017;;998425;1030800;TENJO;2596;-69.2;-9.75;10;600711.2614;538884.6755;-74.0917074;4.874726998;71.5;0.940573;-9.170584679;-61.18350983
254;Pozo;8154;11/05/2010;CLUB LOS LAGARTOS RAQUETA;998870;1012366;BOGOTµ D.C.;2544.976547;-65.8;-9.61;11;601180.9252;520456.3395;-74.08769302;4.708027284;39;0.946339;-9.094315529;-62.12532806
255;Pozo;6712;1/01/1998;Los Lagos 1;1015630;1031500;SOPà;2653;-70.6;-9.95;1;617910.9392;539608.0493;-73.93659376;4.881042485;103;0.946557;-9.418241501;-63.46318817
256;Pozo;8100;10/31/2017;;1015630;1031500;SOPà;2653;-70.6;-9.95;10;617910.9392;539608.0493;-73.93659376;4.881042485;103;0.946557;-9.418241501;-63.46318817
257;Pozo;6702;1/01/1998;Finca Pujanza;1003820;1034500;CajICµ;2581;-70.7;-9.63;1;606099.7336;542591.087;-74.04306682;4.908185487;93;0.952293;-9.170584679;-61.18350983
258;Pozo;8064;10/31/2017;;1003820;1034500;CajICµ;2581;-70.7;-9.63;10;606099.7336;542591.087;-74.04306682;4.908185487;93;0.952293;-9.170584679;-61.18350983
259;Pozo;6660;1/01/1998;Gicro 3 Catanga;976580;1026240;FACATATIVµ;2621;-65.2;-9.08;1;578879.0927;534296.3029;-74.2886387;4.833457985;54;0.960175;-8.718392372;-63.29211044
260;Pozo;6708;1/01/1998;Colegio Campo Alegre;1009800;1034770;SOPà;2667;-70.5;-9.92;1;612077.8413;542869.2569;-73.98915089;4.910622144;83;0.962791;-9.550890923;-65.38139343
261;Pozo;8097;10/31/2017;;1009800;1034770;SOPà;2667;-70.5;-9.92;10;612077.8413;542869.2569;-73.98915089;4.910622144;83;0.962791;-9.550890923;-65.38139343
262;Pozo;6706;1/01/1998;La Gloria;1014450;1038630;TOCANCIPµ;2585;-66;-9.64;1;616721.3835;546734.7582;-73.94721965;4.94552126;60;0.967074;-9.322591782;-64.66546631
263;Pozo;7252;1/01/2001;;996280;1003018;BOGOTµ D.C.;2554.962822;-66.9;-11.36;1;598603.8841;511107.5414;-74.11103361;4.623491724;192;0.972295;-11.04527473;-77.43749237
264;Pozo;6688;1/01/1998;Liceo Juan Ram¢n Jim‚nez;999170;1019540;BOGOTµ D.C.;2553.467988;-67;-9.48;1;601471.2993;527628.7742;-74.08498971;4.772902335;122;0.97246;-9.218923569;-62.83369446
265;Pozo;8073;10/31/2017;;999170;1019540;BOGOTµ D.C.;2553.467988;-67;-9.48;10;601471.2993;527628.7742;-74.08498971;4.772902335;122;0.97246;-9.218923569;-62.83369446
266;Pozo;6650;1/01/1998;Laguna Verde 11;998730;1031940;TENJO;2598;-65.9;-9.34;1;601014.6164;540024.7797;-74.08895783;4.885036113;40;0.981861;-9.170584679;-61.18350983
267;Pozo;6833;1/01/1999;;984000;1019500;FUNZA;2579;-57.1;-8.1;1;586305.7925;527568.4685;-74.22173493;4.772525501;279;0.98202;-7.954361439;-57.9794426
268;Pozo;8187;11/19/2010;SUBA - EAAB - SUBA- (TORCA);999917;1017843;BOGOTµ D.C.;2557.667751;-65.6;-9.34;11;602220.3651;525933.2356;-74.07825608;4.757556289;389;0.982488;-9.176441193;-62.95465469
269;Aljibe;8170;11/09/2010;LA MANSION DEL DUENDE - CANDELARIA- (FUCHA);1000507;1000300;BOGOTµ D.C.;2610.202921;-81.7;-11.34;11;602833.2378;508395.76;-74.07293885;4.598913335;;0.984934;-11.16915035;-75.93474579
270;Pozo;6709;1/01/1998;Santa Isabel;1004620;1032750;CajICµ;2575;-69.9;-9.53;1;606901.9314;540842.6434;-74.03585501;4.892359774;82;0.985566;-9.39244175;-63.46318817
271;Pozo;8057;10/31/2017;;1004620;1032750;CajICµ;2575;-69.9;-9.53;10;606901.9314;540842.6434;-74.03585501;4.892359774;82;0.985566;-9.39244175;-63.46318817
272;Pozo;6654;1/01/1998;Flores Juncalito;979890;1027630;EL ROSAL;2615;-65.3;-9.28;1;582186.1244;535690.3441;-74.25880258;4.846036396;239;0.988601;-9.174221039;-63.419487
273;Pozo;8086;10/31/2017;;979890;1027630;EL ROSAL;2615;-65.5;-9.28;10;582186.1244;535690.3441;-74.25880258;4.846036396;239;0.988601;-9.174221039;-63.419487
274;Manantial;6749;1/01/1999;;986700;1032640;SUBACHOQUE;2639;-68.25;-9.5;1;588987.1436;540708.0758;-74.19741755;4.891355604;0.1;0.991394;-9.418241501;-63.63973236
275;Rio;8197;12/11/2010;RIO ARZOBISPO;1002397;1002985;BOGOTµ D.C.;2692.107714;-80.1;-11.56;12;604719.2574;511082.4875;-74.05590548;4.623193765;0.1;1.006057;-11.63002205;-83.17863464
276;Pozo;8186;11/19/2010;COLEGIO TERESIANO COMPA¥IA DE SANTA TERESA DE JESUS - USAQUEN- (SALITRE);1003395;1015283;BOGOTµ D.C.;2555.125235;-61.8;-9.13;11;605700.8456;523378.5518;-74.0469064;4.734405345;201.2;1.007321;-9.19684124;-61.97732162
277;Pozo;6651;1/01/1998;Aerolito 1;997170;1032460;TENJO;2602;-60.9;-9.08;1;599454.3348;540542.4963;-74.10302248;4.889738103;80;1.009976;-9.170584679;-61.18350983
278;Pozo;6707;1/01/1998;Hacienda El Milagro;1012850;1033830;SOPà;2583;-64.9;-9.27;1;615128.3951;541933.6846;-73.96165352;4.902117505;70;1.013208;-9.39244175;-63.46318817
279;Pozo;8052;10/31/2017;;1012850;1033830;SOPà;2583;-64.9;-9.27;10;615128.3951;541933.6846;-73.96165352;4.902117505;70;1.013208;-9.39244175;-63.46318817
280;Pozo;8147;11/04/2010;LAVA CARS CIUDAD JARDIN - ANTONIO NARI¥O- (FUCHA);998017;998654;BOGOTµ D.C.;2574.32447;-71.1;-10.53;11;600346.0389;506747.0009;-74.09537829;4.584028163;115;1.015598;-10.69425011;-72.25268555
281;Manantial;6775;1/01/1999;;1007130;1018350;LA CALERA;2799.014755;-51.1;-7.75;1;609430.7949;526449.7376;-74.01323766;4.762138123;0.1;1.018552;-7.893780231;-58.33924866
282;Humedal;6691;1/01/1998;Humedal Juan Amarillo;996820;1014200;BOGOTµ D.C.;2544.285605;-61.4;-9.02;1;599129.0652;522287.1186;-74.10617109;4.724611777;0.1;1.01924;-9.193544388;-63.0898056
283;Pozo;6646;1/01/1998;Estrella del Norte;986280;1032010;EL ROSAL;2645;-68.9;-9.24;1;588568.1362;540077.6922;-74.20120311;4.885657817;175;1.01929;-9.418241501;-63.63973236
284;Pozo;8079;10/31/2017;;986280;1032010;EL ROSAL;2645;-68.9;-9.24;10;588568.1362;540077.6922;-74.20120311;4.885657817;175;1.01929;-9.418241501;-63.63973236
285;Manantial;6748;1/01/1999;;981880;1033900;EL ROSAL;2749;-50.55;-7.99;1;584166.9124;541961.0606;-74.24087618;4.902740591;0.1;1.031068;-8.238230705;-53.26311111
286;Pozo;8131;10/28/2010;CENTRO CAR 19 - LOS MARTIRES- (FUCHA);999743;1001758;BOGOTµ D.C.;2581.947791;-68.2;-10.07;10;602067.5603;509852.3775;-74.07982404;4.6120982;140;1.034213;-10.41452503;-70.73886108
287;Pozo;7234;1/01/2001;;982190;996620;SOACHA;2553.390874;-60.76;-10.67;1;584526.3395;504693.2832;-74.23800355;4.56561673;356.7;1.035349;-11.04716969;-76.20205688
288;Pozo;6725;1/01/1998;industria militar;982020;998680;SOACHA;2561.908248;-76.7;-10.41;1;584353.7485;506752.4129;-74.23953969;4.584245132;170;1.04775;-10.90707493;-75.9611969
289;Pozo;8106;10/31/2017;;982020;998680;SOACHA;2561.908248;-76.7;-10.41;10;584353.7485;506752.4129;-74.23953969;4.584245132;170;1.04775;-10.90707493;-75.9611969
290;Aljibe;8168;11/08/2010;LA VECINA - USME- (FUCHA);999586;998683;BOGOTµ D.C.;2608.461771;-74.2;-10.18;11;601914.5713;506778.0115;-74.0812388;4.584290627;3;1.050005;-10.68904972;-72.25498962
291;Aljibe;6794;1/01/1999;;978650;1027960;FACATATIVµ;2630;-61.7;-8.68;1;580946.0772;536018.5506;-74.26998217;4.849017495;7;1.056407;-9.169610977;-63.419487
292;Pozo;6727;1/01/1998;Inmac£;989755;999620;BOGOTµ D.C.;2559.664424;-82.7;-11.22;1;592085.1637;507702.0848;-74.16983476;4.592758057;68;1.0615;-11.91002941;-87.26712036
293;Pozo;8117;10/31/2017;;981540;998030;SOACHA;2548.370574;-72.7;-10.18;10;583874.7365;506102.0021;-74.24386398;4.578366138;320;1.071422;-10.90707493;-75.9611969
294;Pozo;8148;11/04/2010;PAVCO - CIUDAD BOLIVAR- (TUNJUELO);990068;999710;BOGOTµ D.C.;2559.82756;-81.3;-11.41;11;592397.9548;507792.4615;-74.16701414;4.593572296;437;1.074341;-12.25822926;-87.26712036
295;Aljibe;6793;1/01/1999;;997580;1033050;TENJO;2602;-58.5;-8.34;1;599863.4108;541132.8951;-74.0993262;4.895073624;;1.09959;-9.170584679;-61.18350983
296;Pozo;6843;1/01/1999;;982020;998680;SOACHA;2561.908248;-70.1;-9.77;1;584353.7485;506752.4129;-74.23953969;4.584245132;170;1.116384;-10.90707493;-75.9611969
297;Manantial;6761;1/01/1999;;995465;1023740;COTA;2817;-47.8;-7.055;1;597761.682;531822.6237;-74.11838958;4.810882005;0.1;1.117085;-7.88103199;-53.52320099
298;Rio;6673;1/01/1998;Rio Chic¢ 1;994640;1029660;TENJO;2584;-58.9;-8.2;1;596928.8798;537739.8229;-74.1258305;4.864416348;0.1;1.118791;-9.174084663;-61.18350983
299;Pozo;6844;1/01/2000;;976580;996450;SOACHA;2429;-76.7;-10.41;1;578918.3716;504516.1516;-74.28855767;4.564066317;154;1.118912;-11.64787102;-81.03134155
300;Pozo;6721;1/01/1998;Santa Ana - Compartir;982190;996620;SOACHA;2553.390874;-69.2;-9.82;1;584526.3395;504693.2832;-74.23800355;4.56561673;356.7;1.124966;-11.04716969;-76.20205688
301;Pozo;8119;10/31/2017;;982190;996620;SOACHA;2553.390874;-69.2;-9.82;10;584526.3395;504693.2832;-74.23800355;4.56561673;356.7;1.124966;-11.04716969;-76.20205688
302;Pozo;6720;1/01/1998;Conalvidrios;984585;995597;SOACHA;2785;-72.7;-10.18;1;586921.8986;503673.6693;-74.21641916;4.55637015;320;1.12943;-11.4975996;-78.57402802
303;Pozo;8130;10/28/2010;GRASCO No 2 BODEGA 14 - PUENTE ARANDA- (FUCHA);997415;1001790;BOGOTµ D.C.;2558.314698;-65.9;-9.71;10;599740.1587;509881.3553;-74.10080431;4.612387201;190;1.131764;-10.98942471;-75.60284424
304;Pozo;6726;1/01/1998;tndumil a.r;978900;990700;SIBAT;2594;-75.4;-10.54;1;581244.9345;498770.9897;-74.26763742;4.512074474;157;1.133971;-11.95205021;-84.26103973
305;Pozo;8094;10/31/2017;;978900;990700;SIBAT;2594;-75.4;-10.54;10;581244.9345;498770.9897;-74.26763742;4.512074474;157;1.133971;-11.95205021;-84.26103973
306;Pozo;8054;10/31/2017;;997170;1032460;TENJO;2602;-60.9;-8.08;10;599454.3348;540542.4963;-74.10302248;4.889738103;80;1.134973;-9.170584679;-61.18350983
307;Aljibe;6798;1/01/1999;;1001270;1031600;CHÖA;2579;-58.05;-8.02;1;603554.3929;539688.3527;-74.06605805;4.88196148;;1.143464;-9.170584679;-61.18350983
308;Pozo;8143;11/03/2010;PETCO - CIUDAD BOLIVAR- (TUNJUELO);994379;998425;BOGOTµ D.C.;2563.342751;-76.5;-10.83;11;596709.3551;506513.3859;-74.12816302;4.581955718;115;1.160766;-12.57110023;-90.43601227
309;Pozo;8155;11/05/2010;FRIGORIFICO GUADALUPE - CIUDAD BOLIVAR- (TUNJUELO);991790;999764;BOGOTµ D.C.;2552.51195;-73.8;-10.5;11;594119.3786;507848.6657;-74.15149571;4.594062403;120;1.16745;-12.25822926;-87.26712036
310;Pozo;6845;1/01/1999;tndumil a.r;978900;990700;SIBAT;2594;-70;-10.22;1;581244.9345;498770.9897;-74.26763742;4.512074474;157;1.169477;-11.95205021;-84.26103973
311;Pozo;8152;11/04/2010;CARBOQUIMICA No 4 - BOSA- (TUNJUELO);990001;1000391;BOGOTµ D.C.;2558.001729;-81.5;-11.21;11;592330.0962;508473.1732;-74.16761872;4.599730571;330;1.169977;-13.11544323;-94.60847473
312;Pozo;8135;11/02/2010;GASEOSAS COLOMBIANA No 4 - PUENTE ARANDA- (FUCHA);998120;1002644;BOGOTµ D.C.;2558.769417;-62.5;-9.36;11;600443.8571;510736.0322;-74.09445093;4.620110193;285;1.174084;-10.98942471;-75.60284424
313;Pozo;8149;11/04/2010;PARQUE EL TUNAL - TUNJUELITO- (TUNJUELO);993326;997246;BOGOTµ D.C.;2560.27409;-74.1;-10.58;11;595658.1715;505333.3715;-74.13765151;4.571293154;150.74;1.182287;-12.50859451;-90.1473465
314;Pozo;6724;1/01/1998;Sidemu¤a 2;980816;993645;SIBAT;2583.584295;-72.5;-10.07;1;583156.577;501717.4741;-74.25037896;4.538710686;450;1.185586;-11.9388504;-81.94308472
315;Pozo;8121;10/31/2017;;980815;993645;SIBAT;2583.584295;-72.5;-10.07;10;583155.5773;501717.4729;-74.25038797;4.538710684;450;1.185586;-11.9388504;-81.94308472
316;Pozo;8141;11/03/2010;MANUFACTURAS ELIOT No 2 - FONTIBON- (FUCHA);995590;1005059;BOGOTµ D.C.;2547.427942;-68.5;-9.86;11;597911.4248;513147.0697;-74.11725312;4.64194837;239;1.190073;-11.73412132;-86.42559052
317;Pozo;8158;11/05/2010;GENERAL MOTORS - TUNJUELITO- (TUNJUELO);992285;998742;BOGOTµ D.C.;2554.282653;-72.7;-10.5;11;594615.5507;506827.601;-74.14703392;4.584820797;228;1.197248;-12.57110023;-90.43601227
318;Pozo;6699;1/01/1998;Colortex;996530;1003450;BOGOTµ D.C.;2555.536886;-64.3;-9.18;1;598853.2532;511539.7448;-74.10878071;4.627398447;213;1.203189;-11.04527473;-77.43749237
319;Pozo;8085;10/31/2017;;996530;1003450;BOGOTµ D.C.;2555.536886;-64.3;-9.18;10;598853.2532;511539.7448;-74.10878071;4.627398447;213;1.203189;-11.04527473;-77.43749237
320;Pozo;6723;1/01/1998;Calichoso Mufla;981816;992356;SIBAT;2595;-70.6;-9.86;1;584157.8983;500430.1568;-74.24136515;4.527056245;48;1.206663;-11.89770031;-82.83701324
321;Pozo;8134;11/02/2010;NATESA - TUNJUELITO- (TUNJUELO);992595;998934;BOGOTµ D.C.;2555.354091;-73.9;-10.38;11;594925.2136;507019.9442;-74.14424042;4.58655734;90;1.21103;-12.57049465;-90.59410095
322;Pozo;8142;11/03/2010;GASEOSAS COLOMBIANA No 2 - KENNEDY- (TUNJUELO);992213;1000129;BOGOTµ D.C.;2554.966679;-70.6;-10.12;11;594541.7845;508214.1049;-74.14768399;4.597363521;180;1.211287;-12.25822926;-87.26712036
323;Pozo;8151;11/04/2010;JARDINES DEL APOGEO No 1 - BOSA- (TUNJUELO);989480;1000258;BOGOTµ D.C.;2548.09542;-76.2;-10.78;11;591809.4227;508339.5403;-74.17231379;4.598527229;60.6;1.216646;-13.11544323;-94.60847473
324;Pozo;8180;11/17/2010;LADRILLERA HELIOS S.A - USME- (TUNJUELO);996171;991567;BOGOTµ D.C.;2680.307371;-69.5;-9.68;11;598509.607;499659.6166;-74.112011;4.519938954;133;1.232045;-11.92619991;-83.40280151
325;Pozo;6698;1/01/1998;Apogeo 1;989455;1000280;BOGOTµ D.C.;2548.154129;-75.4;-10.64;1;591784.4017;508361.5015;-74.17253912;4.598726147;150;1.232654;-13.11544323;-94.60847473
326;Pozo;8076;10/31/2017;;989455;1000280;BOGOTµ D.C.;2548.154129;-75.4;-10.64;10;591784.4017;508361.5015;-74.17253912;4.598726147;150;1.232654;-13.11544323;-94.60847473
327;Pozo;8150;11/04/2010;CARBOQUIMICA No 2 - BOSA- (TUNJUELO);989946;1000513;BOGOTµ D.C.;2557.876444;-75.6;-10.63;11;592274.955;508595.066;-74.16811451;4.600833766;120;1.233814;-13.11544323;-94.60847473
328;Pozo;6722;1/01/1998;Sidemu¤a 1;980426;993341;SIBAT;2586;-69.8;-9.67;1;582767.089;501413.0749;-74.25389265;4.535960738;450;1.234628;-11.9388504;-84.26103973
329;Pozo;8122;10/31/2017;;980445;993315;SIBAT;2588;-69.8;-9.67;10;582786.116;501387.1074;-74.25372138;4.53572566;450;1.234628;-11.9388504;-84.26103973
330;Rio;6799;1/01/1999;;1003300;1002350;BOGOTµ D.C.;3019;-57.45;-8.955;1;605622.8424;510448.8261;-74.04776763;4.617451099;0.1;1.235606;-11.06485367;-78.68756104
331;Pozo;6697;1/01/1998;Apogeo 2;989273;1000460;BOGOTµ D.C.;2547.413451;-74.5;-10.51;1;591602.2237;508541.2129;-74.17417952;4.600353684;90;1.239521;-13.02736282;-94.82211304
332;Pozo;8061;10/31/2017;;989273;1000460;BOGOTµ D.C.;2547.413451;-74.5;-10.51;10;591602.2237;508541.2129;-74.17417952;4.600353684;90;1.239521;-13.02736282;-94.82211304
333;Pozo;8144;11/03/2010;HILAT No 2 - CIUDAD BOLIVAR- (TUNJUELO);991061;999817;BOGOTµ D.C.;2555.963392;-74.8;-10.61;11;593390.5238;507900.7102;-74.15806544;4.594540975;147;1.239924;-13.15559387;-94.86664581
334;Aljibe;8169;11/09/2010;SUDEIM - BOSA- (TUNJUELO);987611;1001562;BOGOTµ D.C.;2546.776558;-77.7;-9.33;11;589939.2988;509640.7337;-74.18915898;4.61031698;;1.240036;-11.56954002;-83.30422974
335;Aljibe;8167;11/08/2010;MARY OSORIO DE MORALES - CIUDAD BOLIVAR- (TUNJUELO);992291;996157;BOGOTµ D.C.;2570.414389;-75.8;-10.06;11;594624.8666;504243.3603;-74.1469776;4.561444361;3;1.240895;-12.48340034;-89.98865509
336;Pozo;6842;1/01/1999;;989755;999620;BOGOTµ D.C.;2559.664424;-69.9;-9.53;1;592085.1637;507702.0848;-74.16983476;4.592758057;68;1.249741;-11.91002941;-87.26712036
337;Pozo;8166;11/08/2010;CLARA FEY No 2 - BOSA- (TUNJUELO);988174;1002275;BOGOTµ D.C.;2546.036783;-73.4;-10.37;11;590501.2057;510354.2474;-74.18408612;4.616765484;155;1.256255;-13.02736282;-94.82211304
338;Pozo;8157;11/05/2010;BAVARIA No 2 - KENNEDY- (FUCHA);993496;1004454;BOGOTµ D.C.;2550.952057;-65.4;-9.36;11;595818.8094;512539.5159;-74.13612487;4.636475981;129;1.267144;-11.86047173;-87.58904266
339;Pozo;8153;11/05/2010;CONSULTECNICA - BOSA- (TUNJUELO);988578;1002747;BOGOTµ D.C.;2549.125818;-72.1;-10.24;11;590904.4724;510826.6291;-74.18044582;4.62103436;64;1.273546;-13.04111195;-94.81958008
340;Pozo;8159;11/05/2010;ACEGRASAS No 2 - TUNJUELITO- (TUNJUELO);992599;999835;BOGOTµ D.C.;2554.17625;-71.6;-10.15;11;594928.0516;507920.6881;-74.14420513;4.594705183;106;1.296118;-13.15559387;-94.86664581
341;Humedal;8193;12/11/2010;Humedal Salitre - Juan Amarillo;997719;1013720;BOGOTµ D.C.;2543.225024;-51.6;-5.17;12;600028.4512;521808.4435;-74.09806776;4.720271386;0.1;1.759055;-9.094315529;-62.12532806
